username1,password1
username2,password2
username3,password3
username4,password4
username5,password5
username6,password6
username7,password7
username8,password8
username9,password9
username10,password10
username11,password11
username12,password12
username13,password13
username14,password14
username15,password15
username16,password16
username17,password17
username18,password18
username19,password19
username20,password20
username21,password21
username22,password22
username23,password23
username24,password24
username25,password25
username26,password26
username27,password27
username28,password28
username29,password29
username30,password30
username31,password31
username32,password32
username33,password33
username34,password34
username35,password35
username36,password36
username37,password37
username38,password38
username39,password39
username40,password40
username41,password41
username42,password42
username43,password43
username44,password44
username45,password45
username46,password46
username47,password47
username48,password48
username49,password49
username50,password50
username51,password51
username52,password52
username53,password53
username54,password54
username55,password55
username56,password56
username57,password57
username58,password58
username59,password59
username60,password60
username61,password61
username62,password62
username63,password63
username64,password64
username65,password65
username66,password66
username67,password67
username68,password68
username69,password69
username70,password70
username71,password71
username72,password72
username73,password73
username74,password74
username75,password75
username76,password76
username77,password77
username78,password78
username79,password79
username80,password80
username81,password81
username82,password82
username83,password83
username84,password84
username85,password85
username86,password86
username87,password87
username88,password88
username89,password89
username90,password90
username91,password91
username92,password92
username93,password93
username94,password94
username95,password95
username96,password96
username97,password97
username98,password98
username99,password99
username100,password100

